<?xml version="1.0" encoding="UTF-8"?>
<feature
      id="org.eclipse.jdt.astview.feature"
      label="AST View"
      version="1.1.9.qualifier"
      provider-name="Eclipse.org">
   <install-handler/>

   <description>
      AST View for Eclipse 4.4 (Luna) and later (jdt.core 3.10)
   </description>

   <license url="%licenseURL">
      %license
   </license>

   <url>
      <update label="JDT UI Tools" url="http://www.eclipse.org/jdt/ui/update-site"/>
   </url>

   <requires>
      <import plugin="org.eclipse.jdt.core" version="3.10.0" match="compatible"/>
      <import plugin="org.eclipse.jdt.ui" version="3.10.0" match="compatible"/>
      <import plugin="org.eclipse.core.runtime"/>
      <import plugin="org.eclipse.ui.ide"/>
      <import plugin="org.eclipse.ui.views"/>
      <import plugin="org.eclipse.jface.text"/>
      <import plugin="org.eclipse.ui.workbench.texteditor"/>
      <import plugin="org.eclipse.ui.editors"/>
      <import plugin="org.eclipse.core.resources"/>
      <import plugin="org.eclipse.ui"/>
      <import plugin="org.eclipse.core.filebuffers"/>
   </requires>

   <plugin
         id="org.eclipse.jdt.astview"
         download-size="0"
         install-size="0"
         version="0.0.0"
         unpack="false"/>

</feature>
